t,ts,demand,R,R_target,u_hat,spread,rho_t,violated,viol_rate,z
0,2023-10-22 18:00:00,73153.19,82676.53470994899,86868.91103316327,69428.078125,13249.625,0.0,0,0.0,0.8027981
1,2023-10-22 18:15:00,71519.23,84575.3567427551,89005.9414859694,71534.8125,13272.640625,0.0,0,0.0,0.741667
2,2023-10-22 18:30:00,76641.25,86058.37732675254,89518.75868941327,72088.5078125,13241.5859375,0.0,0,0.0,0.9332964
3,2023-10-22 18:45:00,74311.28,88027.45351010433,92621.96460459183,74314.125,13908.28125,0.0,0,0.0,0.84612566
4,2023-10-22 19:00:00,72010.55,89551.56957760874,93107.84040178571,74671.0625,14006.234375,0.0,0,0.0,0.7600486
5,2023-10-22 19:15:00,71703.37,90266.33001012969,91934.10435267858,73639.5,13898.2265625,0.0,0,0.0,0.7485562
6,2023-10-22 19:30:00,67835.4,90464.00055428466,90925.23182397959,72643.71875,13888.28125,0.0,0,0.0,0.60384446
7,2023-10-22 19:45:00,70059.18,89530.95042785896,87353.83346619898,69890.46875,13266.7421875,0.0,0,0.0,0.6870424
8,2023-10-22 20:00:00,72667.98,88742.6661285829,86903.33609693877,69311.578125,13364.28125,0.0,0,0.0,0.78464496
9,2023-10-22 20:15:00,75561.58,88667.59299600293,88492.42235331633,70500.7890625,13668.0625,0.0,0,0.0,0.8929028
10,2023-10-22 20:30:00,77243.81,89341.88105702348,90915.21986607143,72567.2734375,13938.75,0.0,0,0.0,0.95584
11,2023-10-22 20:45:00,69420.44,90356.39809355163,92723.60451211735,74280.4609375,14011.0703125,0.0,0,0.0,0.6631453
12,2023-10-22 21:00:00,76952.18,89652.67310107287,88010.64811862246,71252.515625,12730.984375,0.0,0,0.0,0.9449292
13,2023-10-22 21:15:00,74563.59,90035.28578331477,90928.04870854592,73169.9296875,13490.6640625,0.0,0,0.0,0.85556537
14,2023-10-22 21:30:00,75866.56,90139.23207957034,90381.7734375,73006.078125,13200.140625,0.0,0,0.0,0.90431315
15,2023-10-22 21:45:00,70051.39,90310.24611322474,90709.27885841837,73338.4375,13196.453125,0.0,0,0.0,0.686751
16,2023-10-22 22:00:00,69470.08,89099.21775916802,86273.48493303571,70303.328125,12132.3671875,0.0,0,0.0,0.66500247
17,2023-10-22 22:15:00,62299.8,87368.47110967015,83330.06226084183,67938.328125,11692.9453125,0.0,0,0.0,0.39674202
18,2023-10-22 22:30:00,56759.02,83921.63039858032,75879.00207270408,62014.484375,10532.734375,0.0,0,0.0,0.18944563
19,2023-10-22 22:45:00,50647.94,79068.13670311337,67743.31808035714,55045.3125,9646.546875,0.0,0,0.0,0.039187178
20,2023-10-22 23:00:00,48342.77,73338.64794425206,59969.840840242345,48607.83984375,8631.59765625,0.0,0,0.0,0.12543021
21,2023-10-22 23:15:00,45557.39,67869.85782197771,55109.34753667092,44849.60546875,7794.22265625,0.0,0,0.0,0.22963916
22,2023-10-22 23:30:00,40757.29,63042.53656036527,51778.78694993623,42106.4453125,7347.98046875,0.0,0,0.0,0.4092246
23,2023-10-22 23:45:00,33385.35,58573.0399258016,48144.21444515306,38628.921875,7228.671875,0.0,0,0.0,0.68502975
24,2023-10-23 00:00:00,32722.95,53984.49548234045,43277.891780931124,33644.40234375,7318.46484375,0.0,0,0.0,0.7098121
25,2023-10-23 00:15:00,29017.33,49496.16717006816,39023.40110809949,29473.87890625,7254.67578125,0.0,0,0.0,0.8484498
26,2023-10-23 00:30:00,24838.97,45269.721198336614,35408.01393096301,25677.705078125,7392.017578125,0.0,0,0.0,1.0047742
27,2023-10-23 00:45:00,21225.73,41434.82476868256,32486.733099489797,22282.734375,7751.875,0.0,0,0.0,1.1399558
28,2023-10-23 01:00:00,19596.3,38065.60750190113,30204.100546077807,19460.03515625,8162.158203125,0.0,0,0.0,1.2009174
29,2023-10-23 01:15:00,16295.19,35187.10371713118,28470.594886001276,17327.703125,8465.142578125,0.0,0,0.0,1.3244213
30,2023-10-23 01:30:00,13801.75,32756.750031440166,27085.924764827807,15589.0234375,8734.080078125,0.0,0,0.0,1.4177079
31,2023-10-23 01:45:00,10232.07,30715.388829406074,25952.21269132653,14171.12109375,8949.9765625,0.0,0,0.0,1.5512599
32,2023-10-23 02:00:00,9528.72,29004.156340341906,25011.28053252551,12947.00390625,9165.109375,0.0,0,0.0,1.5775743
33,2023-10-23 02:15:00,8294.99,27573.383603178747,24234.913883131376,11986.1484375,9305.263671875,0.0,0,0.0,1.6237314
34,2023-10-23 02:30:00,7425.69,26379.670696571426,23594.340581154338,11207.77734375,9409.947265625,0.0,0,0.0,1.6562544
35,2023-10-23 02:45:00,6830.6,25379.635172389535,23046.21894929847,10573.546875,9475.36328125,0.0,0,0.0,1.6785184
36,2023-10-23 03:00:00,6810.18,24534.11146537931,22561.222815688776,10064.4609375,9493.6640625,0.0,0,0.0,1.6792825
37,2023-10-23 03:15:00,7347.84,23811.593531186434,22125.718351403062,9687.265625,9449.3671875,0.0,0,0.0,1.659167
38,2023-10-23 03:30:00,6189.25,23193.350145778208,21750.78224649235,9458.5703125,9338.26953125,0.0,0,0.0,1.7025132
39,2023-10-23 03:45:00,4610.87,22679.515992510307,21480.569634885203,9319.4453125,9238.68359375,0.0,0,0.0,1.7615649
40,2023-10-23 04:00:00,4977.83,22275.531048870733,21332.899513711734,9229.9609375,9194.48046875,0.0,0,0.0,1.747836
41,2023-10-23 04:15:00,5754.88,21992.727191001602,21332.851522640307,9242.7265625,9184.74609375,0.0,0,0.0,1.7187643
42,2023-10-23 04:30:00,7578.7,21862.669229810814,21559.20065369898,9383.828125,9249.5078125,0.0,0,0.0,1.65053
43,2023-10-23 04:45:00,7745.86,21951.971932646906,22160.344905931124,9742.7734375,9433.50390625,0.0,0,0.0,1.644276
44,2023-10-23 05:00:00,8819.53,22341.687575429365,23251.024075255104,10298.0625,9840.234375,0.0,0,0.0,1.6041069
45,2023-10-23 05:15:00,10660.38,23128.10126054928,24963.066525829083,11157.25390625,10488.13671875,0.0,0,0.0,1.5352356
46,2023-10-23 05:30:00,15822.39,24437.223074667658,27491.840640943876,12478.51953125,11405.46875,0.0,0,0.0,1.34211
47,2023-10-23 05:45:00,15583.06,26611.090254228457,31683.44700653699,14907.02734375,12744.876953125,0.0,0,0.0,1.3510642
48,2023-10-23 06:00:00,17368.97,29681.348300329177,36845.283741230865,17993.3359375,14321.634765625,0.0,0,0.0,1.2842481
49,2023-10-23 06:15:00,21271.91,33454.138020609884,42257.31403459821,21769.763671875,15564.185546875,0.0,0,0.0,1.138228
50,2023-10-23 06:30:00,31016.57,37613.895544194136,47319.9964325574,26527.490234375,15795.857421875,0.0,0,0.0,0.7736526
51,2023-10-23 06:45:00,36176.2,42447.29569869737,53725.22939253827,34204.5234375,14829.68359375,0.0,0,0.0,0.5806162
52,2023-10-23 07:00:00,41468.57,48045.58997697081,61108.27662627551,43232.953125,13579.703125,0.0,0,0.0,0.38261354
53,2023-10-23 07:15:00,46595.7,53637.47402900073,66685.20348373725,50635.4140625,12192.86328125,0.0,0,0.0,0.19079308
54,2023-10-23 07:30:00,49022.17,58185.58445502627,68797.84211575254,54893.02734375,10563.34765625,0.0,0,0.0,0.10001184
55,2023-10-23 07:45:00,53878.33,61421.73627094185,68972.7571747449,56581.25,9413.703125,0.0,0,0.0,0.081670776
56,2023-10-23 08:00:00,56980.13,63949.693068230714,69848.25892857142,58039.0,8971.375,0.0,0,0.0,0.19771796
57,2023-10-23 08:15:00,56595.36,66108.53356134568,71145.8280452806,59544.0859375,8813.7265625,0.0,0,0.0,0.18332264
58,2023-10-23 08:30:00,61386.83,67757.36802419198,71604.6484375,60187.140625,8673.765625,0.0,0,0.0,0.3625851
59,2023-10-23 08:45:00,63539.85,69465.16770940887,73450.03364158163,61766.6484375,8875.75,0.0,0,0.0,0.44313583
60,2023-10-23 09:00:00,64964.44,71304.15573363977,75595.12779017857,63585.2421875,9123.7890625,0.0,0,0.0,0.4964338
61,2023-10-23 09:15:00,63742.97,73208.68593079911,77652.58972417092,65263.33984375,9411.98828125,0.0,0,0.0,0.45073503
62,2023-10-23 09:30:00,70742.74,74858.94445321754,78709.54767219388,65995.046875,9659.078125,0.0,0,0.0,0.71261644
63,2023-10-23 09:45:00,73270.89,77076.59132292829,82251.10068558673,68579.25,10386.3671875,0.0,0,0.0,0.8072017
64,2023-10-23 10:00:00,72535.55,79688.06249110082,85781.49521683673,71335.140625,10974.75,0.0,0,0.0,0.7796904
65,2023-10-23 10:15:00,71316.55,82198.84533815832,88057.33864795919,73040.3359375,11408.265625,0.0,0,0.0,0.7340841
66,2023-10-23 10:30:00,81256.45,84339.21585979756,89333.41374362246,73755.4296875,11834.4375,0.0,0,0.0,1.1059643
67,2023-10-23 10:45:00,75959.54,87188.17088821033,93835.73262117346,77078.09375,12730.609375,0.0,0,0.0,0.9077917
68,2023-10-23 11:00:00,75258.84,89497.28304649211,94885.21141581633,77903.40625,12900.90625,0.0,0,0.0,0.88157666
69,2023-10-23 11:15:00,74089.12,91294.27557195774,95487.25813137754,78061.3984375,13238.25,0.0,0,0.0,0.83781385
70,2023-10-23 11:30:00,75009.96,92582.99572243674,95590.00940688775,77716.578125,13578.265625,0.0,0,0.0,0.8722652
71,2023-10-23 11:45:00,77909.56,93659.89952483836,96172.6750637755,77743.0546875,14000.796875,0.0,0,0.0,0.9807476
72,2023-10-23 12:00:00,83232.27,94870.85068141746,97696.40338010204,78709.1953125,14424.390625,0.0,0,0.0,1.1798854
73,2023-10-23 12:15:00,84951.84,96504.09157871416,100314.9870057398,80895.046875,14753.1328125,0.0,0,0.0,1.2442193
74,2023-10-23 12:30:00,87857.33,98145.6059418346,101975.80612244898,82556.78125,14752.4375,0.0,0,0.0,1.3529217
75,2023-10-23 12:45:00,89908.12,99793.11920073829,103637.31680484694,84166.9140625,14791.46875,0.0,0,0.0,1.4296477
76,2023-10-23 13:00:00,87117.87,101347.11517680506,104973.10578762754,85476.6953125,14811.2265625,0.0,0,0.0,1.3252565
77,2023-10-23 13:15:00,82347.24,102393.93449812577,104836.51291454081,85400.4375,14765.390625,0.0,0,0.0,1.1467738
78,2023-10-23 13:30:00,87075.91,102670.00427623905,103314.16709183673,83881.15625,14763.0625,0.0,0,0.0,1.3236866
79,2023-10-23 13:45:00,82312.95,103240.95285784437,104573.16621492346,84396.5234375,15327.9921875,0.0,0,0.0,1.145491
80,2023-10-23 14:00:00,82123.35,103216.28776739156,103158.73588966837,83080.40625,15253.3046875,0.0,0,0.0,1.1383975
81,2023-10-23 14:15:00,82559.03,103043.13200158735,102639.10188137754,82243.21875,15494.546875,0.0,0,0.0,1.1546974
82,2023-10-23 14:30:00,87143.9,102907.09570946574,102589.67769451531,81883.0078125,15730.6484375,0.0,0,0.0,1.3262304
83,2023-10-23 14:45:00,78944.18,103350.61881422804,104385.50605867346,83150.15625,16132.28125,0.0,0,0.0,1.0194556
84,2023-10-23 15:00:00,73008.62,102712.3088236586,101222.91884566327,80860.4375,15469.171875,0.0,0,0.0,0.79738927
85,2023-10-23 15:15:00,77561.0,100980.76904645897,96940.50956632654,77174.015625,15016.40625,0.0,0,0.0,0.96770686
86,2023-10-23 15:30:00,77558.35,99961.60603022536,97583.55899234694,77002.546875,15635.1875,0.0,0,0.0,0.9676078
87,2023-10-23 15:45:00,71930.28,99242.97946669346,97566.18415178571,76930.359375,15676.828125,0.0,0,0.0,0.7570457
88,2023-10-23 16:00:00,74599.82,97699.08728484869,94096.67219387754,74391.140625,14970.09375,0.0,0,0.0,0.8569207
89,2023-10-23 16:15:00,75894.19,96604.92336023592,94051.87420280612,74123.328125,15139.515625,0.0,0,0.0,0.9053467
90,2023-10-23 16:30:00,77570.98,96033.054180609,94698.69276147959,74652.5,15228.890625,0.0,0,0.0,0.9680801
91,2023-10-23 16:45:00,72315.98,95955.5812459416,95774.81106505102,75664.40625,15277.671875,0.0,0,0.0,0.7714756
92,2023-10-23 17:00:00,71625.7,95124.51253223565,93185.3522002551,73965.8125,14600.890625,0.0,0,0.0,0.74565053
93,2023-10-23 17:15:00,69734.95,94105.08657868739,91726.42602040817,72674.65625,14473.4375,0.0,0,0.0,0.6749122
94,2023-10-23 17:30:00,72883.48,92883.03808435414,90031.59159757654,71172.6328125,14326.9609375,0.0,0,0.0,0.79270744
95,2023-10-23 17:45:00,72957.77,92429.9568009484,91372.76713966837,72022.078125,14700.5234375,0.0,0,0.0,0.79548705
96,2023-10-23 18:00:00,75648.96,92356.36089586795,92184.63711734694,72782.765625,14739.40625,0.0,0,0.0,0.89617205
97,2023-10-23 18:15:00,76795.02,92898.88511275809,94164.77495216837,74475.4609375,14957.7734375,0.0,0,0.0,0.9390495
98,2023-10-23 18:30:00,76505.51,93718.172919173,95629.8444674745,75895.1171875,14992.2734375,0.0,0,0.0,0.9282179
99,2023-10-23 18:45:00,77659.15,94439.41969616344,96122.3288424745,76524.6640625,14888.1484375,0.0,0,0.0,0.97137886
100,2023-10-23 19:00:00,73159.43,95212.86088712308,97017.55699936225,77289.0,14987.5859375,0.0,0,0.0,0.8030316
101,2023-10-23 19:15:00,68915.18,95064.8266244938,94719.4133450255,75708.7890625,14442.1796875,0.0,0,0.0,0.64424217
102,2023-10-23 19:30:00,67796.22,93715.12850959464,90565.83290816327,72570.703125,13670.71875,0.0,0,0.0,0.60237867
103,2023-10-23 19:45:00,71608.93,91800.86646341268,87334.25502232143,70005.7109375,13164.3203125,0.0,0,0.0,0.745023
104,2023-10-23 20:00:00,75105.13,90809.9632128455,88497.85562818877,70745.3515625,13486.3984375,0.0,0,0.0,0.8758259
105,2023-10-23 20:15:00,73706.59,90944.43939567552,91258.21715561225,72986.453125,13880.875,0.0,0,0.0,0.8235026
106,2023-10-23 20:30:00,73896.72,90920.74848896265,90865.46970663265,73186.09375,13430.84375,0.0,0,0.0,0.8306157
107,2023-10-23 20:45:00,74546.96,90764.5272426565,90400.0110012755,73111.234375,13134.109375,0.0,0,0.0,0.8549431
108,2023-10-23 21:00:00,83546.47,90637.2265873978,90340.19172512754,73205.0859375,13017.3671875,0.0,0,0.0,1.1916403
109,2023-10-23 21:15:00,76971.79,92163.04609523457,95723.29161352041,77120.8828125,14132.0625,0.0,0,0.0,0.9456628
110,2023-10-23 21:30:00,74566.0,92678.91572489124,93882.61152742346,76099.5234375,13509.6328125,0.0,0,0.0,0.85565543
111,2023-10-23 21:45:00,68198.78,92182.06851858458,91022.75837053571,74085.1015625,12867.3671875,0.0,0,0.0,0.6174396
112,2023-10-23 22:00:00,68319.21,89829.13911415717,84338.97050382654,69213.453125,11490.703125,0.0,0,0.0,0.62194526
113,2023-10-23 22:15:00,61905.92,87151.57595133859,80903.92857142858,66113.9921875,11235.765625,0.0,0,0.0,0.38200587
114,2023-10-23 22:30:00,57240.14,83176.98546823292,73902.94100765306,60193.1328125,10415.203125,0.0,0,0.0,0.20744574
115,2023-10-23 22:45:00,52918.34,78252.56836730384,66762.26179846938,54154.8359375,9577.734375,0.0,0,0.0,0.045754883
116,2023-10-23 23:00:00,45830.99,73004.8774130757,60760.265186543365,49412.36328125,8620.88671875,0.0,0,0.0,0.21940309
117,2023-10-23 23:15:00,41379.65,67459.76919553053,54521.183354591834,44375.11328125,7707.8671875,0.0,0,0.0,0.38594037
118,2023-10-23 23:30:00,36597.41,62037.876889518055,49386.794842155614,39871.98046875,7228.30859375,0.0,0,0.0,0.5648575
119,2023-10-23 23:45:00,34554.81,56856.8777336958,44767.879703443876,35311.1328125,7184.1953125,0.0,0,0.0,0.641277
120,2023-10-24 00:00:00,34226.86,52029.0447209053,40764.101024394135,31303.572265625,7187.068359375,0.0,0,0.0,0.6535466
121,2023-10-24 00:15:00,28375.15,47684.83721582631,37548.353037308676,28167.04296875,7126.88671875,0.0,0,0.0,0.8724756
122,2023-10-24 00:30:00,28169.3,43734.46804844767,34516.939991230865,24759.99609375,7412.251953125,0.0,0,0.0,0.880177
123,2023-10-24 00:45:00,25580.49,40284.069791518596,32233.140525350766,22130.31640625,7675.013671875,0.0,0,0.0,0.9770318
124,2023-10-24 01:00:00,23045.03,37338.06779538955,30464.063137755104,19973.943359375,7969.23828125,0.0,0,0.0,1.0718906
125,2023-10-24 01:15:00,17167.59,34837.893650171914,29004.15397799745,18157.59765625,8240.01953125,0.0,0,0.0,1.2917824
126,2023-10-24 01:30:00,15739.35,32676.728203796993,27634.008828922193,16326.6328125,8590.099609375,0.0,0,0.0,1.3452168
127,2023-10-24 01:45:00,16663.72,30805.787092386847,26440.25783242985,14831.46875,8819.080078125,0.0,0,0.0,1.3106335
128,2023-10-24 02:00:00,19293.33,29210.365047100637,25487.71360809949,13766.859375,8904.21484375,0.0,0,0.0,1.2122524
129,2023-10-24 02:15:00,17151.02,27877.69723019621,24768.13899075255,13117.80078125,8850.64453125,0.0,0,0.0,1.2924023
130,2023-10-24 02:30:00,17872.86,26774.06760115648,24198.931800063776,12542.9375,8854.94140625,0.0,0,0.0,1.2653962
131,2023-10-24 02:45:00,20995.13,25859.482277761064,23725.449856505104,12135.5546875,8804.7265625,0.0,0,0.0,1.1485832
132,2023-10-24 03:00:00,16382.2,25120.500756103662,23396.210538903062,12042.1640625,8625.5546875,0.0,0,0.0,1.321166
133,2023-10-24 03:15:00,11575.7,24539.378730005978,23183.427335778062,11834.671875,8621.53515625,0.0,0,0.0,1.5009909
134,2023-10-24 03:30:00,7994.07,24066.75961036643,22963.981664540817,11444.2734375,8751.40625,0.0,0,0.0,1.6349897
135,2023-10-24 03:45:00,8008.75,23659.21534292933,22708.278718909438,10963.13671875,8922.666015625,0.0,0,0.0,1.6344405
136,2023-10-24 04:00:00,8875.15,23308.989360107927,22491.795400191328,10617.33203125,9020.91015625,0.0,0,0.0,1.6020261
137,2023-10-24 04:15:00,8592.04,23041.90626381024,22418.71237244898,10473.12109375,9074.9453125,0.0,0,0.0,1.6126181
138,2023-10-24 04:30:00,7993.2,22892.85942452686,22545.08346619898,10462.4296875,9179.0703125,0.0,0,0.0,1.6350224
139,2023-10-24 04:45:00,8055.72,22891.719545988955,22889.05982940051,10545.87109375,9376.99609375,0.0,0,0.0,1.6326833
140,2023-10-24 05:00:00,10019.97,23073.171033117014,23496.557836415817,10762.6875,9673.79296875,0.0,0,0.0,1.5591952
141,2023-10-24 05:15:00,12459.23,23526.845143701677,24585.418068399234,11304.47265625,10089.400390625,0.0,0,0.0,1.4679354
142,2023-10-24 05:30:00,13229.8,24424.875921780585,26520.281070631376,12378.84375,10743.107421875,0.0,0,0.0,1.4391062
143,2023-10-24 05:45:00,15339.33,25914.806518572303,29391.311244419645,13976.62109375,11710.384765625,0.0,0,0.0,1.3601828
144,2023-10-24 06:00:00,19031.66,28142.34525695788,33339.93564652423,16330.83984375,12921.638671875,0.0,0,0.0,1.2220422
145,2023-10-24 06:15:00,24720.88,31304.491050087352,38682.831234056124,19934.43359375,14242.96875,0.0,0,0.0,1.0091922
146,2023-10-24 06:30:00,30809.41,35567.823988568794,45515.60084502551,25555.11328125,15163.78125,0.0,0,0.0,0.78140306
147,2023-10-24 06:45:00,38009.19,40805.767197769834,53027.634685905614,33485.0859375,14846.27734375,0.0,0,0.0,0.51203877
148,2023-10-24 07:00:00,45817.23,47004.786065862354,61469.1634247449,43121.98828125,13938.1640625,0.0,0,0.0,0.2199178
149,2023-10-24 07:15:00,45484.11,53435.10610149268,68439.1861846301,51801.9140625,12639.16796875,0.0,0,0.0,0.23238082
150,2023-10-24 07:30:00,50844.45,58213.20262324513,69362.09450733419,55384.90234375,10618.33203125,0.0,0,0.0,0.03183526
151,2023-10-24 07:45:00,58611.42,61631.39880374608,69607.18989158163,57133.6796875,9476.0,0.0,0,0.0,0.25874928
152,2023-10-24 08:00:00,61040.93,64691.68436829827,71832.35068558673,59735.7109375,9189.6953125,0.0,0,0.0,0.34964406
153,2023-10-24 08:15:00,62067.8,67460.49471071057,73921.05217633929,62033.00390625,9031.23046875,0.0,0,0.0,0.38806224
154,2023-10-24 08:30:00,66210.57,69863.59292935327,75470.82210618623,63640.75390625,8987.18359375,0.0,0,0.0,0.543055
155,2023-10-24 08:45:00,68446.23,72284.3922109427,77932.92386798469,65729.4765625,9270.8359375,0.0,0,0.0,0.6266973
156,2023-10-24 09:00:00,68302.27,74778.38821156294,80597.7122130102,67860.875,9676.046875,0.0,0,0.0,0.6213116
157,2023-10-24 09:15:00,70887.44,77124.1609222012,82597.63058035714,69318.1171875,10088.3125,0.0,0,0.0,0.7180299
158,2023-10-24 09:30:00,76323.05,79519.11541180359,85107.34255420919,71036.171875,10689.7265625,0.0,0,0.0,0.92139155
159,2023-10-24 09:45:00,76775.33,82334.66327391303,88904.27495216837,73834.7734375,11448.1484375,0.0,0,0.0,0.93831265
160,2023-10-24 10:00:00,78430.03,85146.33980194319,91706.91836734694,75961.390625,11961.71875,0.0,0,0.0,1.0002198
161,2023-10-24 10:15:00,76215.5,87867.04390408982,94215.35347576531,77797.4296875,12472.53125,0.0,0,0.0,0.9173679
162,2023-10-24 10:30:00,80275.09,90086.1049755287,95263.9141422194,78395.9609375,12814.4140625,0.0,0,0.0,1.0692488
163,2023-10-24 10:45:00,78923.49,92294.65042802315,97447.9231505102,79850.40625,13368.65625,0.0,0,0.0,1.0186815
164,2023-10-24 11:00:00,83461.17,94108.69025656773,98341.4498565051,80406.3671875,13625.1015625,0.0,0,0.0,1.188449
165,2023-10-24 11:15:00,81249.49,96009.19650867904,100443.71109693877,81950.96875,14048.75,0.0,0,0.0,1.1057038
166,2023-10-24 11:30:00,79790.19,97464.32228184064,100859.61575255102,82253.875,14134.59375,0.0,0,0.0,1.0511072
167,2023-10-24 11:45:00,84604.87,98451.01212471191,100753.2884247449,81938.9921875,14293.03125,0.0,0,0.0,1.231238
168,2023-10-24 12:00:00,94200.51,99657.39843468354,102472.29982461735,83095.921875,14720.0390625,0.0,0,0.0,1.5902382
169,2023-10-24 12:15:00,88048.35,101488.05564216111,105759.5891262755,86064.15625,14962.421875,0.0,0,0.0,1.3600686
170,2023-10-24 12:30:00,89496.96,102661.4816791046,105399.47576530612,86084.6875,14673.25,0.0,0,0.0,1.4142652
171,2023-10-24 12:45:00,92556.82,103620.23833927629,105857.3372130102,86370.171875,14804.203125,0.0,0,0.0,1.5287431
172,2023-10-24 13:00:00,85946.99,104605.07846058013,106903.03874362246,87166.8203125,14993.40625,0.0,0,0.0,1.2814506
173,2023-10-24 13:15:00,86166.77,104819.327459077,105319.24178890306,85732.375,14879.9453125,0.0,0,0.0,1.2896733
174,2023-10-24 13:30:00,88571.9,104855.87863143042,104941.1647002551,84935.53125,15198.078125,0.0,0,0.0,1.3796558
175,2023-10-24 13:45:00,87351.34,105104.652709412,105685.12555803571,85156.6328125,15595.2890625,0.0,0,0.0,1.3339915
176,2023-10-24 14:00:00,86979.69,105193.28545207309,105400.09518494898,84780.765625,15664.296875,0.0,0,0.0,1.3200867
177,2023-10-24 14:15:00,88732.47,105176.76037129809,105138.2018494898,84380.390625,15769.5,0.0,0,0.0,1.3856633
178,2023-10-24 14:30:00,91608.93,105320.5768389903,105656.14859693877,84619.6875,15981.1875,0.0,0,0.0,1.4932798
179,2023-10-24 14:45:00,81307.48,105738.79396586462,106714.63392857143,85450.078125,16154.46875,0.0,0,0.0,1.1078732
180,2023-10-24 15:00:00,82215.1,104829.48665939603,102707.7696109694,82435.9296875,15400.3125,0.0,0,0.0,1.1418301
181,2023-10-24 15:15:00,84123.62,103929.79735800579,101830.52232142858,81214.421875,15661.84375,0.0,0,0.0,1.213233
182,2023-10-24 15:30:00,83993.93,103462.92977050201,102373.57206632654,81280.796875,16023.96875,0.0,0,0.0,1.208381
183,2023-10-24 15:45:00,78838.97,103112.28807627741,102294.12412308673,81194.6953125,16029.0234375,0.0,0,0.0,1.0155193
184,2023-10-24 16:00:00,76815.18,102000.0994770549,99404.99274553571,79107.2890625,15419.9609375,0.0,0,0.0,0.9398036
185,2023-10-24 16:15:00,73496.2,100528.13943623434,97093.56600765306,77138.34375,15159.78125,0.0,0,0.0,0.8156313
186,2023-10-24 16:30:00,77753.9,98574.71729605281,94016.73230229592,74564.984375,14777.296875,0.0,0,0.0,0.97492373
187,2023-10-24 16:45:00,78127.34,97547.39107407369,95150.29655612246,75150.03125,15194.0,0.0,0,0.0,0.9888954
188,2023-10-24 17:00:00,75175.53,97003.0808070174,95733.0235172194,75741.859375,15187.0859375,0.0,0,0.0,0.8784597
189,2023-10-24 17:15:00,81489.41,96142.82686944024,94135.5676817602,74781.9375,14702.7578125,0.0,0,0.0,1.1146797
190,2023-10-24 17:30:00,79634.69,96446.77141862092,97155.97536670919,77004.671875,15308.7421875,0.0,0,0.0,1.0452894
191,2023-10-24 17:45:00,85463.31,96665.45073920811,97175.7024872449,77408.015625,15017.3125,0.0,0,0.0,1.2633549
192,2023-10-24 18:00:00,77910.5,97730.99931846609,100217.27933673469,79798.6484375,15511.828125,0.0,0,0.0,0.9807827
193,2023-10-24 18:15:00,73157.1,97678.90685710992,97557.35778061225,78213.28125,14695.5,0.0,0,0.0,0.8029445
194,2023-10-24 18:30:00,76157.74,96570.3119683443,93983.5905612245,75310.59375,14185.6875,0.0,0,0.0,0.915207
195,2023-10-24 18:45:00,77909.28,95906.5255127262,94357.69044961735,75099.2265625,14630.4609375,0.0,0,0.0,0.9807371
196,2023-10-24 19:00:00,80058.42,95842.56280469916,95693.3164859694,75972.75,14981.515625,0.0,0,0.0,1.0611426
197,2023-10-24 19:15:00,79830.87,96345.84552578941,97520.171875,77436.484375,15257.375,0.0,0,0.0,1.0526291
198,2023-10-24 19:30:00,78084.11,96865.53596881789,98078.14700255102,78091.703125,15183.5,0.0,0,0.0,0.98727787
199,2023-10-24 19:45:00,72555.97,97013.88185068527,97360.02224170919,77699.5234375,14935.8828125,0.0,0,0.0,0.7804544
200,2023-10-24 20:00:00,79004.3,96004.21673744397,93648.33147321429,74977.453125,14184.078125,0.0,0,0.0,1.0217047
201,2023-10-24 20:15:00,81454.94,96123.15748789445,96400.68590561225,76622.2421875,15025.484375,0.0,0,0.0,1.1133901
202,2023-10-24 20:30:00,83734.05,96918.32739713836,98773.72385204081,78521.3203125,15385.546875,0.0,0,0.0,1.1986581
203,2023-10-24 20:45:00,81739.14,98038.38756447643,100651.86128826531,80172.453125,15558.0,0.0,0,0.0,1.124023
204,2023-10-24 21:00:00,87654.69,98682.1877412432,100184.38815369898,80037.21875,15305.6015625,0.0,0,0.0,1.3453404
205,2023-10-24 21:15:00,83084.2,99919.57942588555,102806.82669005102,81956.6875,15839.640625,0.0,0,0.0,1.1743456
206,2023-10-24 21:30:00,81786.07,100299.37367847702,101185.56026785714,80912.8359375,15400.984375,0.0,0,0.0,1.1257788
207,2023-10-24 21:45:00,75189.87,100059.12733545687,99498.55253507654,79646.8984375,15081.1015625,0.0,0,0.0,0.8789961
208,2023-10-24 22:00:00,67783.28,98244.88579457745,94011.6555325255,75782.0859375,13848.8203125,0.0,0,0.0,0.6018946
209,2023-10-24 22:15:00,64885.21,94397.52813177819,85420.36025191327,69454.4609375,12129.1328125,0.0,0,0.0,0.49346957
210,2023-10-24 22:30:00,57029.82,89602.76553089269,78414.98612882654,63513.203125,11320.734375,0.0,0,0.0,0.19957706
211,2023-10-24 22:45:00,54448.67,83284.23114825116,68540.98425542092,54746.84375,10479.26953125,0.0,0,0.0,0.103008956
212,2023-10-24 23:00:00,48786.55,76789.65840374392,61635.65533322704,49250.375,9408.97265625,0.0,0,0.0,0.10882709
213,2023-10-24 23:15:00,48583.32,70559.97174040135,56024.03619260204,45088.2421875,8307.8125,0.0,0,0.0,0.11643052
214,2023-10-24 23:30:00,49546.44,65391.756382184,53332.58721301021,43374.2890625,7565.21875,0.0,0,0.0,0.08039743
215,2023-10-24 23:45:00,45028.37,61646.510462426755,52907.60331632653,43273.15234375,7319.1953125,0.0,0,0.0,0.24943128
216,2023-10-25 00:00:00,40300.82,58535.29055073954,51275.777423469386,41600.58203125,7350.1484375,0.0,0,0.0,0.4263024
217,2023-10-25 00:15:00,37869.25,55352.13680388503,47924.77806122449,38227.359375,7367.03125,0.0,0,0.0,0.5172744
218,2023-10-25 00:30:00,31189.19,51998.87888612513,44174.61041135204,34579.7109375,7289.1484375,0.0,0,0.0,0.7671944
219,2023-10-25 00:45:00,30009.91,48299.88267684052,39668.891521843114,29988.669921875,7353.966796875,0.0,0,0.0,0.8113146
220,2023-10-25 01:00:00,27515.27,44591.09008759576,35937.24071269133,26154.99609375,7431.47265625,0.0,0,0.0,0.9046462
221,2023-10-25 01:15:00,20238.49,41150.61451818884,33122.83818957271,23043.4765625,7657.189453125,0.0,0,0.0,1.1768912
222,2023-10-25 01:30:00,15880.05,38006.40503318818,30669.916234853317,19971.953125,8127.134765625,0.0,0,0.0,1.3399528
223,2023-10-25 01:45:00,13117.32,35194.48431046068,28633.33595742985,17360.65234375,8563.744140625,0.0,0,0.0,1.4433144
224,2023-10-25 02:00:00,11666.14,32746.02988745959,27032.969567123724,15335.5546875,8886.408203125,0.0,0,0.0,1.4976072
225,2023-10-25 02:15:00,10709.1,30663.003345089695,25802.60807955995,13827.17578125,9097.615234375,0.0,0,0.0,1.5334127
226,2023-10-25 02:30:00,16224.28,28920.0017795411,24852.998126594386,12692.7890625,9237.98828125,0.0,0,0.0,1.3270742
227,2023-10-25 02:45:00,15202.8,27478.651604416016,24115.501195790817,12055.1015625,9162.1640625,0.0,0,0.0,1.3652906
228,2023-10-25 03:00:00,15586.55,26299.508456876287,23548.174445950255,11554.69921875,9111.322265625,0.0,0,0.0,1.3509336
229,2023-10-25 03:15:00,12688.86,25331.772304140566,23073.721281090562,11188.1796875,9029.326171875,0.0,0,0.0,1.4593444
230,2023-10-25 03:30:00,11108.43,24536.14594213947,22679.684430803572,10817.6953125,9011.43359375,0.0,0,0.0,1.5184728
231,2023-10-25 03:45:00,7838.97,23877.79974001421,22341.658601721938,10499.640625,8996.26171875,0.0,0,0.0,1.6407926
232,2023-10-25 04:00:00,6984.81,23335.14807534413,22068.960857780614,10175.45703125,9035.375,0.0,0,0.0,1.6727492
233,2023-10-25 04:15:00,8098.69,22894.079665177112,21864.920041454083,9941.953125,9057.7578125,0.0,0,0.0,1.6310756
234,2023-10-25 04:30:00,9108.91,22565.16748038801,21797.705715880104,9889.59375,9046.47265625,0.0,0,0.0,1.5932804
235,2023-10-25 04:45:00,9994.68,22389.314677279257,21978.99147002551,10026.58203125,9080.125,0.0,0,0.0,1.5601413
236,2023-10-25 05:00:00,13776.38,22437.232363540632,22549.04029815051,10373.65234375,9249.51953125,0.0,0,0.0,1.4186572
237,2023-10-25 05:15:00,13421.51,22889.296967695915,23944.114377391583,11248.78515625,9644.513671875,0.0,0,0.0,1.4319339
238,2023-10-25 05:30:00,13047.43,23948.599570626935,26420.305644132655,12578.6796875,10515.34375,0.0,0,0.0,1.4459293
239,2023-10-25 05:45:00,16523.05,25712.589788724566,29828.566964285714,14333.08984375,11771.7578125,0.0,0,0.0,1.3158964
240,2023-10-25 06:00:00,20178.06,28366.607265771097,34559.31471221301,17054.9921875,13297.857421875,0.0,0,0.0,1.179152
241,2023-10-25 06:15:00,25166.08,32123.00371725788,40887.92877072704,21232.79296875,14931.80859375,0.0,0,0.0,0.99253607
242,2023-10-25 06:30:00,31072.91,36970.06013356967,48279.8584382972,27423.458984375,15844.396484375,0.0,0,0.0,0.77154475
243,2023-10-25 06:45:00,36114.0,42536.06411199366,55523.40672831633,35707.6328125,15053.84375,0.0,0,0.0,0.58294326
244,2023-10-25 07:00:00,40924.89,48646.13342271955,62902.96181441327,44733.984375,13802.7890625,0.0,0,0.0,0.40295416
245,2023-10-25 07:15:00,46825.11,54405.66348518939,67844.56696428571,51618.9296875,12326.453125,0.0,0,0.0,0.18221019
246,2023-10-25 07:30:00,55764.75,58969.50341444124,69618.46324936225,55556.8359375,10682.4765625,0.0,0,0.0,0.15224718
247,2023-10-25 07:45:00,58572.21,62870.34865126958,71972.32087053571,59057.8515625,9810.9921875,0.0,0,0.0,0.2572823
248,2023-10-25 08:00:00,60553.15,66133.82123621396,73748.59060108419,61524.48828125,9286.52734375,0.0,0,0.0,0.3313948
249,2023-10-25 08:15:00,58757.14,68834.03622536252,75134.53786670919,63218.0703125,9052.8203125,0.0,0,0.0,0.26420102
250,2023-10-25 08:30:00,62423.61,70755.36930705223,75238.4798309949,63491.46875,8924.0859375,0.0,0,0.0,0.40137404
251,2023-10-25 08:45:00,63589.77,72476.13179299778,76491.24426020408,64378.3046875,9202.078125,0.0,0,0.0,0.44500342
